method,question_id,correct,cost
human/human,ex042,0,0.004860499999999999
human/human,ex041,1,0.0047111
human/human,ex091,1,0.004887900000000001
human/human,ex009,0,0.0047125
human/human,ex065,1,0.0047523999999999995
human/human,ex050,1,0.0044303
human/human,ex001,1,0.004855
human/human,ex070,0,0.0047121
human/human,ex015,1,0.0054366
human/human,ex078,0,0.0044024
human/human,ex073,1,0.0046555
human/human,ex010,1,0.0046251
human/human,ex055,1,0.0046945
human/human,ex056,1,0.0046971999999999995
human/human,ex072,1,0.0051197
human/human,ex045,1,0.0049793
human/human,ex048,1,0.0045755
human/human,ex092,1,0.0047016
human/human,ex076,1,0.0047611
human/human,ex037,1,0.0047259
human/human,ex030,0,0.0048118
human/human,ex021,1,0.004254599999999999
human/human,ex032,0,0.0044726
human/human,ex096,1,0.004196699999999999
human/human,ex080,1,0.004942500000000001
human/human,ex049,1,0.004826899999999999
human/human,ex083,0,0.0049812
human/human,ex026,0,0.0048126
human/human,ex087,1,0.0041969
human/human,ex033,1,0.0041433
human/human,ex008,1,0.0049739
human/human,ex047,1,0.0046945
human/human,ex059,1,0.004418599999999999
human/human,ex063,0,0.0049935
human/human,ex074,0,0.004596799999999999
human/human,ex044,0,0.0048496
human/human,ex098,0,0.0045525
human/human,ex052,0,0.004615299999999999
human/human,ex085,1,0.004401899999999999
human/human,ex012,1,0.004496399999999999
human/human,ex036,1,0.0047659
human/human,ex023,1,0.0045352
human/human,ex039,1,0.0060352999999999995
human/human,ex040,1,0.0045625
human/human,ex018,0,0.0043945
human/human,ex066,1,0.0045023
human/human,ex061,0,0.0046418
human/human,ex060,1,0.0048170999999999995
human/human,ex007,1,0.0045674999999999995
human/human,ex034,1,0.0045895
human/human,ex099,1,0.004456899999999999
human/human,ex046,1,0.004797699999999999
human/human,ex002,0,0.004351099999999999
human/human,ex051,1,0.0044029
human/human,ex016,1,0.004719
human/human,ex038,1,0.004873399999999999
human/human,ex058,0,0.004924899999999999
human/human,ex068,1,0.0050991000000000005
human/human,ex022,0,0.0051017
human/human,ex062,1,0.004741399999999999
human/human,ex024,0,0.005100499999999999
human/human,ex005,0,0.0045527
human/human,ex006,1,0.0047085
human/human,ex067,1,0.0044568
human/human,ex082,1,0.0046467
human/human,ex019,0,0.0039504
human/human,ex079,1,0.0046151
human/human,ex043,1,0.0046386
human/human,ex090,1,0.0044526999999999995
human/human,ex020,1,0.004402
human/human,ex000,1,0.0061565000000000005
human/human,ex095,0,0.0046044
human/human,ex057,1,0.004313199999999999
human/human,ex093,1,0.0049139
human/human,ex053,1,0.004443
human/human,ex089,0,0.0051743
human/human,ex025,1,0.0050318
human/human,ex071,1,0.005255199999999999
human/human,ex084,0,0.0043505
human/human,ex077,0,0.0044239
human/human,ex064,0,0.004816999999999999
human/human,ex029,1,0.005371900000000001
human/human,ex027,0,0.0045372
human/human,ex088,1,0.0053088
human/human,ex097,0,0.0047081
human/human,ex004,1,0.0052362
human/human,ex054,0,0.0037273
human/human,ex075,1,0.0050018
human/human,ex011,1,0.0051924
human/human,ex069,1,0.0049863
human/human,ex086,0,0.0045743
human/human,ex013,0,0.0045958
human/human,ex017,1,0.004561099999999999
human/human,ex028,1,0.0048936
human/human,ex031,1,0.004606
human/human,ex035,1,0.004725
human/human,ex094,1,0.0057731
human/human,ex003,0,0.0041299
human/human,ex014,1,0.0042881
human/human,ex081,1,0.0041134
ReAct/human,ex042,0,0.0092742
ReAct/human,ex041,1,0.0077432
ReAct/human,ex091,0,0.0086944
ReAct/human,ex009,0,0.0013679
ReAct/human,ex065,0,0.0012351999999999999
ReAct/human,ex050,0,0.0012744
ReAct/human,ex001,0,0.008949599999999999
ReAct/human,ex070,1,0.0091602
ReAct/human,ex015,1,0.009439699999999999
ReAct/human,ex078,1,0.0077909
ReAct/human,ex073,0,0.0013128999999999999
ReAct/human,ex010,0,0.0012586
ReAct/human,ex055,1,0.0088025
ReAct/human,ex056,0,0.0047668
ReAct/human,ex072,1,0.0083874
ReAct/human,ex045,0,0.0084878
ReAct/human,ex048,1,0.0075613
ReAct/human,ex092,1,0.0079449
ReAct/human,ex076,0,0.0013472
ReAct/human,ex037,0,0.0013699
ReAct/human,ex030,0,0.0090989
ReAct/human,ex021,1,0.0076849
ReAct/human,ex032,0,0.0012332999999999999
ReAct/human,ex096,1,0.0088723
ReAct/human,ex080,1,0.0086578
ReAct/human,ex049,0,0.001269
ReAct/human,ex083,0,0.001341
ReAct/human,ex026,0,0.007427
ReAct/human,ex087,0,0.0035011
ReAct/human,ex033,1,0.0073535
ReAct/human,ex008,0,0.008040199999999999
ReAct/human,ex047,1,0.0078785
ReAct/human,ex059,0,0.0012868
ReAct/human,ex063,1,0.008904599999999999
ReAct/human,ex074,1,0.0081102
ReAct/human,ex044,0,0.0013752
ReAct/human,ex098,0,0.0061981
ReAct/human,ex052,0,0.008043999999999999
ReAct/human,ex085,1,0.0082839
ReAct/human,ex012,1,0.0085294
ReAct/human,ex036,0,0.0083427
ReAct/human,ex023,0,0.0084373
ReAct/human,ex039,1,0.0115127
ReAct/human,ex040,0,0.0012003
ReAct/human,ex018,0,0.0080056
ReAct/human,ex066,1,0.008316
ReAct/human,ex061,0,0.008570999999999999
ReAct/human,ex060,1,0.008674
ReAct/human,ex007,0,0.0047146
ReAct/human,ex034,0,0.0012258999999999998
ReAct/human,ex099,1,0.0089664
ReAct/human,ex046,1,0.0083171
ReAct/human,ex002,0,0.0011118999999999999
ReAct/human,ex051,0,0.007426199999999999
ReAct/human,ex016,1,0.008192
ReAct/human,ex038,1,0.00843
ReAct/human,ex058,0,0.009622599999999999
ReAct/human,ex068,0,0.0064741
ReAct/human,ex022,1,0.0083758
ReAct/human,ex062,1,0.0089646
ReAct/human,ex024,0,0.008485699999999999
ReAct/human,ex005,0,0.0088401
ReAct/human,ex006,1,0.0079489
ReAct/human,ex067,1,0.0085243
ReAct/human,ex082,1,0.0082074
ReAct/human,ex019,1,0.00226
ReAct/human,ex079,0,0.0079288
ReAct/human,ex043,1,0.008349800000000001
ReAct/human,ex090,0,0.0081598
ReAct/human,ex020,1,0.0084989
ReAct/human,ex000,1,0.008831799999999999
ReAct/human,ex095,0,0.0013848
ReAct/human,ex057,1,0.0088536
ReAct/human,ex093,1,0.0083851
ReAct/human,ex053,0,0.0084677
ReAct/human,ex089,1,0.0083761
ReAct/human,ex025,1,0.009353299999999998
ReAct/human,ex071,1,0.0095657
ReAct/human,ex084,0,0.0073741
ReAct/human,ex077,0,0.008397
ReAct/human,ex064,0,0.008347499999999999
ReAct/human,ex029,1,0.0088942
ReAct/human,ex027,0,0.008416499999999999
ReAct/human,ex088,0,0.0092026
ReAct/human,ex097,1,0.0079496
ReAct/human,ex004,0,0.008977899999999999
ReAct/human,ex054,0,0.0071882
ReAct/human,ex075,1,0.0082854
ReAct/human,ex011,0,0.0092334
ReAct/human,ex069,1,0.0087164
ReAct/human,ex086,0,0.008346399999999999
ReAct/human,ex013,0,0.0084799
ReAct/human,ex017,0,0.0077049
ReAct/human,ex028,1,0.0082907
ReAct/human,ex031,1,0.0081087
ReAct/human,ex035,1,0.0083419
ReAct/human,ex094,1,0.008991899999999999
ReAct/human,ex003,0,0.0079362
ReAct/human,ex014,1,0.007558
ReAct/human,ex081,1,0.0074172000000000005
ReAct/learned,ex042,0,0.06555625000000001
ReAct/learned,ex041,1,0.042575
ReAct/learned,ex091,1,0.0642225
ReAct/learned,ex009,0,0.06321125
ReAct/learned,ex065,1,0.058308750000000006
ReAct/learned,ex050,1,0.061075000000000004
ReAct/learned,ex001,1,0.046511250000000004
ReAct/learned,ex070,1,0.06159875000000001
ReAct/learned,ex015,1,0.053158750000000005
ReAct/learned,ex078,1,0.04438
ReAct/learned,ex073,1,0.053451250000000006
ReAct/learned,ex010,0,0.03668875
ReAct/learned,ex055,1,0.054268750000000004
ReAct/learned,ex056,1,0.06419125
ReAct/learned,ex072,1,0.05212875
ReAct/learned,ex045,0,0.043077500000000005
ReAct/learned,ex048,1,0.04478875
ReAct/learned,ex092,1,0.052135
ReAct/learned,ex076,1,0.062545
ReAct/learned,ex037,0,0.043210000000000005
ReAct/learned,ex030,1,0.0345
ReAct/learned,ex021,1,0.058980000000000005
ReAct/learned,ex032,1,0.05867250000000001
ReAct/learned,ex096,1,0.039822500000000004
ReAct/learned,ex080,1,0.055996250000000004
ReAct/learned,ex049,1,0.060605000000000006
ReAct/learned,ex083,0,0.06258625000000001
ReAct/learned,ex026,1,0.049640000000000004
ReAct/learned,ex087,1,0.041825
ReAct/learned,ex033,1,0.0516725
ReAct/learned,ex008,1,0.07161000000000001
ReAct/learned,ex047,1,0.05267875000000001
ReAct/learned,ex059,0,0.032247500000000005
ReAct/learned,ex063,1,0.05910875000000001
ReAct/learned,ex074,0,0.0575075
ReAct/learned,ex044,0,0.055461250000000004
ReAct/learned,ex098,1,0.05545750000000001
ReAct/learned,ex052,0,0.026631250000000002
ReAct/learned,ex085,1,0.057288750000000006
ReAct/learned,ex012,1,0.05497875000000001
ReAct/learned,ex036,1,0.0404675
ReAct/learned,ex023,1,0.0529675
ReAct/learned,ex039,0,0.06615375000000001
ReAct/learned,ex040,1,0.03656125
ReAct/learned,ex018,1,0.058545
ReAct/learned,ex066,1,0.04137625
ReAct/learned,ex061,1,0.046291250000000006
ReAct/learned,ex060,1,0.051152500000000004
ReAct/learned,ex007,0,0.012386250000000003
ReAct/learned,ex034,1,0.051370000000000006
ReAct/learned,ex099,1,0.06031375
ReAct/learned,ex046,1,0.04181625
ReAct/learned,ex002,0,0.04707875
ReAct/learned,ex051,1,0.055433750000000004
ReAct/learned,ex016,1,0.059333750000000005
ReAct/learned,ex038,1,0.06434375
ReAct/learned,ex058,1,0.04312250000000001
ReAct/learned,ex068,1,0.0619575
ReAct/learned,ex022,0,0.054108750000000004
ReAct/learned,ex062,1,0.06241000000000001
ReAct/learned,ex024,0,0.027918750000000006
ReAct/learned,ex005,0,0.05176875
ReAct/learned,ex006,1,0.06118250000000001
ReAct/learned,ex067,1,0.05878375
ReAct/learned,ex082,1,0.061885
ReAct/learned,ex019,1,0.05051125000000001
ReAct/learned,ex079,1,0.05128125
ReAct/learned,ex043,1,0.044882500000000006
ReAct/learned,ex090,1,0.035251250000000005
ReAct/learned,ex020,1,0.05896500000000001
ReAct/learned,ex000,1,0.049245000000000004
ReAct/learned,ex095,0,0.0583125
ReAct/learned,ex057,1,0.04367875
ReAct/learned,ex093,1,0.05772000000000001
ReAct/learned,ex053,0,0.057031250000000006
ReAct/learned,ex089,1,0.06277375000000002
ReAct/learned,ex025,1,0.062585
ReAct/learned,ex071,1,0.04669625000000001
ReAct/learned,ex084,1,0.05655625
ReAct/learned,ex077,0,0.05220500000000001
ReAct/learned,ex064,1,0.0433375
ReAct/learned,ex029,1,0.06150250000000001
ReAct/learned,ex027,0,0.05866625000000001
ReAct/learned,ex088,1,0.05722125
ReAct/learned,ex097,0,0.06005375
ReAct/learned,ex004,1,0.06555625
ReAct/learned,ex054,0,0.05717375
ReAct/learned,ex075,1,0.05026750000000001
ReAct/learned,ex011,1,0.056322500000000005
ReAct/learned,ex069,1,0.049871250000000006
ReAct/learned,ex086,0,0.029268750000000003
ReAct/learned,ex013,0,0.0520675
ReAct/learned,ex017,1,0.04212875
ReAct/learned,ex028,1,0.05613000000000001
ReAct/learned,ex031,1,0.06195375000000001
ReAct/learned,ex035,1,0.06437375000000001
ReAct/learned,ex094,1,0.04650625
ReAct/learned,ex003,0,0.056060000000000006
ReAct/learned,ex014,1,0.06032375000000001
ReAct/learned,ex081,1,0.05393375
codedist/human,ex042,1,0.008262500000000002
codedist/human,ex041,1,0.00683625
codedist/human,ex091,0,0.00758375
codedist/human,ex009,0,0.007782500000000001
codedist/human,ex065,1,0.00684125
codedist/human,ex050,0,0.007082500000000001
codedist/human,ex001,1,0.0071600000000000006
codedist/human,ex070,1,0.00745375
codedist/human,ex015,0,0.0075112500000000006
codedist/human,ex078,1,0.006888750000000001
codedist/human,ex073,0,0.007367500000000002
codedist/human,ex010,1,0.00660625
codedist/human,ex055,0,0.00776125
codedist/human,ex056,0,0.008143750000000002
codedist/human,ex072,0,0.00688625
codedist/human,ex045,0,0.0069812500000000005
codedist/human,ex048,1,0.01133625
codedist/human,ex092,1,0.007220000000000001
codedist/human,ex076,0,0.007442500000000001
codedist/human,ex037,0,0.007631250000000001
codedist/human,ex030,0,0.0074462500000000015
codedist/human,ex021,0,0.006953750000000001
codedist/human,ex032,0,0.013251250000000001
codedist/human,ex096,0,0.0101475
codedist/human,ex080,1,0.00768
codedist/human,ex049,1,0.00707875
codedist/human,ex083,1,0.0075337500000000005
codedist/human,ex026,1,0.0075362499999999995
codedist/human,ex087,1,0.0063462499999999995
codedist/human,ex033,1,0.00598875
codedist/human,ex008,1,0.007387500000000001
codedist/human,ex047,1,0.0067262500000000005
codedist/human,ex059,1,0.007025
codedist/human,ex063,1,0.007326250000000001
codedist/human,ex074,1,0.00710875
codedist/human,ex044,0,0.007271250000000002
codedist/human,ex098,1,0.00624125
codedist/human,ex052,0,0.00713875
codedist/human,ex085,1,0.00673875
codedist/human,ex012,1,0.0072074999999999995
codedist/human,ex036,1,0.0069612499999999996
codedist/human,ex023,1,0.0072675000000000005
codedist/human,ex039,0,0.00823125
codedist/human,ex040,1,0.00674875
codedist/human,ex018,0,0.006962500000000001
codedist/human,ex066,1,0.00706125
codedist/human,ex061,0,0.007060000000000001
codedist/human,ex060,0,0.006863750000000001
codedist/human,ex007,1,0.007371250000000002
codedist/human,ex034,1,0.006585000000000001
codedist/human,ex099,1,0.00732625
codedist/human,ex046,1,0.0067599999999999995
codedist/human,ex002,0,0.006501250000000001
codedist/human,ex051,1,0.0061575000000000015
codedist/human,ex016,1,0.007390000000000001
codedist/human,ex038,1,0.007787500000000001
codedist/human,ex058,1,0.0071025
codedist/human,ex068,1,0.0077287499999999995
codedist/human,ex022,1,0.00727
codedist/human,ex062,0,0.007371249999999999
codedist/human,ex024,0,0.007537500000000001
codedist/human,ex005,0,0.0066175
codedist/human,ex006,1,0.007163750000000001
codedist/human,ex067,1,0.007038750000000001
codedist/human,ex082,1,0.00665875
codedist/human,ex019,1,0.007027500000000001
codedist/human,ex079,1,0.0068112500000000005
codedist/human,ex043,1,0.0074399999999999996
codedist/human,ex090,1,0.0067125000000000015
codedist/human,ex020,0,0.006626250000000001
codedist/human,ex000,1,0.007650000000000001
codedist/human,ex095,0,0.0069125
codedist/human,ex057,1,0.006895
codedist/human,ex093,1,0.00699875
codedist/human,ex053,1,0.0068625000000000005
codedist/learned,ex042,0,0.009160000000000001
codedist/learned,ex041,1,0.0077275
codedist/learned,ex091,1,0.008221250000000001
codedist/learned,ex009,0,0.008575000000000001
codedist/learned,ex065,1,0.007733750000000001
codedist/learned,ex050,1,0.007718750000000002
codedist/learned,ex001,0,0.008005
codedist/learned,ex070,1,0.008395
codedist/learned,ex015,0,0.01538125
codedist/learned,ex078,1,0.007926250000000001
codedist/learned,ex073,0,0.008323750000000001
codedist/learned,ex010,1,0.007485
codedist/learned,ex055,0,0.008740000000000001
codedist/learned,ex056,1,0.012985
codedist/learned,ex072,1,0.00796125
codedist/learned,ex045,0,0.0077150000000000005
codedist/learned,ex048,1,0.0075899999999999995
codedist/learned,ex092,1,0.00827875
codedist/learned,ex076,0,0.00843375
codedist/learned,ex037,0,0.013196250000000001
codedist/learned,ex030,1,0.008328750000000001
codedist/learned,ex021,1,0.00807
codedist/learned,ex032,0,0.0077575000000000005
codedist/learned,ex096,1,0.007126250000000001
codedist/learned,ex080,1,0.0083
codedist/learned,ex049,0,0.007935000000000001
codedist/learned,ex083,0,0.008341250000000001
codedist/learned,ex026,1,0.00852375
codedist/learned,ex087,1,0.007590000000000001
codedist/learned,ex033,1,0.0068850000000000005
codedist/learned,ex008,1,0.008295
codedist/learned,ex047,0,0.007966250000000001
codedist/learned,ex059,1,0.008182500000000002
codedist/learned,ex063,1,0.00815
codedist/learned,ex074,1,0.007813750000000001
codedist/learned,ex044,0,0.00834375
codedist/learned,ex098,0,0.007205
codedist/learned,ex052,0,0.008305
codedist/learned,ex085,1,0.007796250000000001
codedist/learned,ex012,1,0.0081925
codedist/learned,ex036,1,0.0078925
codedist/learned,ex023,1,0.0083775
codedist/learned,ex039,1,0.009000000000000001
codedist/learned,ex040,1,0.0072725
codedist/learned,ex018,0,0.00771
codedist/learned,ex066,1,0.007852500000000002
codedist/learned,ex061,1,0.008287500000000001
codedist/learned,ex060,1,0.007821250000000002
codedist/learned,ex007,1,0.00809875
codedist/learned,ex034,1,0.00770875
codedist/learned,ex099,1,0.008292500000000001
codedist/learned,ex046,1,0.007725000000000001
codedist/learned,ex002,0,0.0075112500000000006
codedist/learned,ex051,1,0.00770875
codedist/learned,ex016,0,0.012709999999999999
codedist/learned,ex038,1,0.00844125
codedist/learned,ex058,0,0.008110000000000001
codedist/learned,ex068,1,0.008660000000000001
codedist/learned,ex022,1,0.008247500000000001
codedist/learned,ex062,1,0.008172500000000001
codedist/learned,ex024,0,0.00887625
codedist/learned,ex005,1,0.007693750000000001
codedist/learned,ex006,1,0.00834375
codedist/learned,ex067,1,0.007948750000000001
codedist/learned,ex082,0,0.007612500000000001
codedist/learned,ex019,1,0.007778750000000001
codedist/learned,ex079,1,0.0078087500000000015
codedist/learned,ex043,1,0.008122500000000001
codedist/learned,ex090,1,0.007636250000000001
codedist/learned,ex020,1,0.007745
codedist/learned,ex000,1,0.008587500000000001
codedist/learned,ex095,0,0.0079975
codedist/learned,ex057,1,0.007603750000000001
codedist/learned,ex093,1,0.007680000000000001
codedist/learned,ex053,1,0.00790875
orch-wfseed/human,ex042,0,0.0053584999999999
orch-wfseed/human,ex065,1,0.0040068
orch-wfseed/human,ex041,1,0.0050995
orch-wfseed/human,ex091,0,0.0051660999999999
orch-wfseed/human,ex050,1,0.0053461
orch-wfseed/human,ex070,1,0.0047316
orch-wfseed/human,ex015,1,0.004647
orch-wfseed/human,ex073,1,0.0048106
orch-wfseed/human,ex078,1,0.0055454999999999
orch-wfseed/human,ex010,1,0.0045137999999999
orch-wfseed/human,ex009,0,0.0048446
orch-wfseed/human,ex001,1,0.0047358
orch-wfseed/human,ex055,1,0.0050377
orch-wfseed/human,ex072,1,0.0046806999999999
orch-wfseed/human,ex056,0,0.0047847
orch-wfseed/human,ex076,1,0.0053362999999999
orch-wfseed/human,ex045,0,0.0046654999999999
orch-wfseed/human,ex037,0,0.004855
orch-wfseed/human,ex048,1,0.0042618
orch-wfseed/human,ex092,1,0.0047785
orch-wfseed/human,ex030,0,0.0058732999999999
orch-wfseed/human,ex021,0,0.0043177
orch-wfseed/human,ex032,1,0.0042551
orch-wfseed/human,ex096,1,0.004063
orch-wfseed/human,ex080,0,0.0046665
orch-wfseed/human,ex087,1,0.0040868
orch-wfseed/human,ex033,1,0.0039043
orch-wfseed/human,ex008,0,0.0047833
orch-wfseed/human,ex026,1,0.0046789
orch-wfseed/human,ex049,1,0.0042723999999999
orch-wfseed/human,ex083,1,0.0050623
orch-wfseed/human,ex059,1,0.0046485999999999
orch-wfseed/human,ex074,0,0.0044188999999999
orch-wfseed/human,ex047,1,0.0044307
orch-wfseed/human,ex044,0,0.0050129
orch-wfseed/human,ex063,1,0.0048557
orch-wfseed/human,ex085,1,0.0049490999999999
orch-wfseed/human,ex012,1,0.0045923
orch-wfseed/human,ex036,1,0.0044587
orch-wfseed/human,ex098,0,
orch-wfseed/human,ex052,1,0.0048677999999999
orch-wfseed/human,ex018,0,0.0054326
orch-wfseed/human,ex039,0,0.0070404999999999
orch-wfseed/human,ex023,0,0.0047012
orch-wfseed/human,ex060,0,0.0043323
orch-wfseed/human,ex040,1,0.0044529999999999
orch-wfseed/human,ex066,1,0.0044434
orch-wfseed/human,ex061,1,0.0055708
orch-wfseed/human,ex099,1,0.004957
orch-wfseed/human,ex007,1,0.0050688
orch-wfseed/human,ex046,0,
orch-wfseed/human,ex034,1,0.0043643
orch-wfseed/human,ex002,0,0.0039872999999999
orch-wfseed/human,ex058,1,0.0043542999999999
orch-wfseed/human,ex051,1,0.003993
orch-wfseed/human,ex016,1,0.004644
orch-wfseed/human,ex038,0,
orch-wfseed/human,ex068,1,0.0049246
orch-wfseed/human,ex022,0,0.0052597
orch-wfseed/human,ex062,1,0.0050695
orch-wfseed/human,ex067,1,0.0042654
orch-wfseed/human,ex005,0,0.0047756
orch-wfseed/human,ex082,1,0.0042043
orch-wfseed/human,ex019,1,0.0049357
orch-wfseed/human,ex024,1,0.0049591
orch-wfseed/human,ex006,1,0.0046047
orch-wfseed/human,ex090,1,0.0045065999999999
orch-wfseed/human,ex020,1,0.0043669
orch-wfseed/human,ex079,1,0.0047409
orch-wfseed/human,ex095,0,0.0044931
orch-wfseed/human,ex000,1,0.0048972
orch-wfseed/human,ex043,1,0.0045670999999999
orch-wfseed/human,ex053,1,0.004517
orch-wfseed/human,ex089,0,0.0046735
orch-wfseed/human,ex025,1,0.0050326999999999
orch-wfseed/human,ex057,1,0.0045724999999999
orch-wfseed/human,ex093,1,0.0048078999999999
orch-wfseed/human,ex071,1,0.0048283
orch-wfseed/human,ex084,1,0.0044744
orch-wfseed/human,ex027,1,0.0045747999999999
orch-wfseed/human,ex088,1,0.0052584
orch-wfseed/human,ex064,0,0.0047994999999999
orch-wfseed/human,ex029,1,0.0045498
orch-wfseed/human,ex077,0,0.0043805
orch-wfseed/human,ex075,0,0.0053127
orch-wfseed/human,ex004,1,0.0051647
orch-wfseed/human,ex069,1,0.0054021999999999
orch-wfseed/human,ex097,0,0.0046133
orch-wfseed/human,ex011,1,0.0052486999999999
orch-wfseed/human,ex017,1,0.0043348
orch-wfseed/human,ex054,1,0.0046529
orch-wfseed/human,ex086,0,0.0046214
orch-wfseed/human,ex013,1,0.0042857
orch-wfseed/human,ex035,0,0.0060481
orch-wfseed/human,ex031,1,0.0050634999999999
orch-wfseed/human,ex028,1,0.0047802
orch-wfseed/human,ex003,0,0.0042343999999999
orch-wfseed/human,ex081,1,0.0038932
orch-wfseed/human,ex014,0,0.0046067999999999
orch-wfseed/human,ex094,1,0.0048591999999999
orch-toolseed/human,ex041,0,0.004421499999999999
orch-toolseed/human,ex009,1,0.0055433999999999995
orch-toolseed/human,ex091,1,0.0048452
orch-toolseed/human,ex042,0,0.005546
orch-toolseed/human,ex065,1,0.0051025
orch-toolseed/human,ex050,1,0.0046279
orch-toolseed/human,ex070,1,0.0052187
orch-toolseed/human,ex001,1,0.0053138
orch-toolseed/human,ex078,1,0.0044053
orch-toolseed/human,ex015,1,0.0046997
orch-toolseed/human,ex073,1,0.0048383
orch-toolseed/human,ex010,1,0.0053236
orch-toolseed/human,ex055,1,0.0051733000000000005
orch-toolseed/human,ex045,1,0.004875399999999999
orch-toolseed/human,ex072,1,0.0051018999999999995
orch-toolseed/human,ex056,1,0.005997700000000001
orch-toolseed/human,ex048,1,0.0047955
orch-toolseed/human,ex076,1,0.004892
orch-toolseed/human,ex092,1,0.0050327
orch-toolseed/human,ex037,0,0.0049431
orch-toolseed/human,ex030,0,0.0054046
orch-toolseed/human,ex021,1,0.0045158
orch-toolseed/human,ex032,0,0.0048245
orch-toolseed/human,ex096,1,0.0041638
orch-toolseed/human,ex026,1,0.0049457
orch-toolseed/human,ex080,1,0.0050323
orch-toolseed/human,ex083,0,0.0054089
orch-toolseed/human,ex049,1,0.0043466
orch-toolseed/human,ex087,1,0.0044358
orch-toolseed/human,ex033,1,0.0040685
orch-toolseed/human,ex047,1,0.0043256
orch-toolseed/human,ex008,1,0.005013
orch-toolseed/human,ex059,1,0.0048265999999999995
orch-toolseed/human,ex063,1,0.005175
orch-toolseed/human,ex074,1,0.004418399999999999
orch-toolseed/human,ex044,0,0.0050249
orch-toolseed/human,ex012,1,0.0052704
orch-toolseed/human,ex085,1,0.004815099999999999
orch-toolseed/human,ex052,1,0.0045027999999999995
orch-toolseed/human,ex098,1,0.0040327
orch-toolseed/human,ex036,1,0.004998099999999999
orch-toolseed/human,ex023,1,0.0046936
orch-toolseed/human,ex039,1,0.0066787
orch-toolseed/human,ex040,1,0.0046935
orch-toolseed/human,ex066,1,0.004736799999999999
orch-toolseed/human,ex018,0,0.004534799999999999
orch-toolseed/human,ex061,1,0.0047199
orch-toolseed/human,ex060,1,0.0050044
orch-toolseed/human,ex007,0,0.0049156
orch-toolseed/human,ex034,1,0.0047199
orch-toolseed/human,ex099,1,0.005175699999999999
orch-toolseed/human,ex046,1,0.0043121999999999995
orch-toolseed/human,ex002,0,0.004278499999999999
orch-toolseed/human,ex051,0,0.004307
orch-toolseed/human,ex016,1,0.005236600000000001
orch-toolseed/human,ex038,1,0.0046576000000000005
orch-toolseed/human,ex058,0,0.0049103
orch-toolseed/human,ex068,1,0.005264
orch-toolseed/human,ex022,0,0.0048198
orch-toolseed/human,ex062,0,0.0047804
orch-toolseed/human,ex067,1,0.0047241
orch-toolseed/human,ex005,0,0.004683
orch-toolseed/human,ex006,1,0.0050975
orch-toolseed/human,ex024,1,0.0053794
orch-toolseed/human,ex082,0,0.0045558
orch-toolseed/human,ex019,1,0.0049711
orch-toolseed/human,ex079,1,0.004489399999999999
orch-toolseed/human,ex043,1,0.0048434
orch-toolseed/human,ex090,1,0.0048436
orch-toolseed/human,ex020,1,0.0050231
orch-toolseed/human,ex095,0,0.0046214
orch-toolseed/human,ex000,1,0.00498
orch-toolseed/human,ex057,1,0.0049739
orch-toolseed/human,ex053,1,0.0049073
orch-toolseed/human,ex093,1,0.004612499999999999
orch-toolseed/human,ex089,1,0.005293099999999999
orch-toolseed/human,ex025,1,0.0052788999999999996
orch-toolseed/human,ex084,0,0.0041329999999999995
orch-toolseed/human,ex071,0,0.0049115999999999995
orch-toolseed/human,ex064,1,0.0050341
orch-toolseed/human,ex077,1,0.0043168
orch-toolseed/human,ex029,1,0.005585700000000001
orch-toolseed/human,ex027,0,0.0042661999999999995
orch-toolseed/human,ex088,1,0.005114499999999999
orch-toolseed/human,ex054,0,0.0045908
orch-toolseed/human,ex097,1,0.0046584
orch-toolseed/human,ex075,0,0.005359399999999999
orch-toolseed/human,ex004,1,0.005662799999999999
orch-toolseed/human,ex011,1,0.004993499999999999
orch-toolseed/human,ex069,1,0.0054398
orch-toolseed/human,ex086,1,0.0044524
orch-toolseed/human,ex013,0,0.0046083
orch-toolseed/human,ex017,1,0.004699399999999999
orch-toolseed/human,ex028,1,0.0048906999999999996
orch-toolseed/human,ex031,1,0.0049199
orch-toolseed/human,ex035,1,0.0050853999999999995
orch-toolseed/human,ex081,1,0.0039659
orch-toolseed/human,ex094,1,0.0053330999999999995
orch-toolseed/human,ex003,0,0.004252
orch-toolseed/human,ex014,1,0.0044139
orch/learned,ex042,0,0.0024348
orch/learned,ex041,1,0.0019206
orch/learned,ex091,1,0.0021516
orch/learned,ex009,0,0.002211
orch/learned,ex065,0,0.0019212
orch/learned,ex050,1,0.0020058
orch/learned,ex001,1,0.0019938
orch/learned,ex070,0,0.0021474
orch/learned,ex015,0,0.0021738
orch/learned,ex078,1,0.0020267999999999996
orch/learned,ex073,1,0.0020879999999999996
orch/learned,ex010,1,0.0019067999999999997
orch/learned,ex055,0,0.0022037999999999997
orch/learned,ex056,0,0.0021918
orch/learned,ex072,0,0.001974
orch/learned,ex045,0,0.0019542
orch/learned,ex048,1,0.0019272
orch/learned,ex092,1,0.0020232
orch/learned,ex076,0,0.0021390000000000003
orch/learned,ex037,0,0.0021804
orch/learned,ex030,0,0.002169
orch/learned,ex021,0,0.0020483999999999997
orch/learned,ex032,1,0.0023927999999999996
orch/learned,ex096,1,0.0017472
orch/learned,ex080,1,0.0021647999999999997
orch/learned,ex049,0,0.0019944
orch/learned,ex083,1,0.002118
orch/learned,ex026,1,0.0022062
orch/learned,ex087,1,0.0018725999999999999
orch/learned,ex033,1,0.0017729999999999998
orch/learned,ex008,0,0.0021132
orch/learned,ex047,1,0.0019703999999999998
orch/learned,ex059,1,0.0020238
orch/learned,ex063,1,0.0028112
orch/learned,ex074,0,0.001965
orch/learned,ex044,0,0.002169
orch/learned,ex098,0,0.0017675999999999998
orch/learned,ex052,1,0.0020916
orch/learned,ex085,1,0.0019091999999999998
orch/learned,ex012,0,0.0020813999999999997
orch/learned,ex036,1,0.0019763999999999997
orch/learned,ex023,0,0.0021216
orch/learned,ex039,0,0.0023255999999999997
orch/learned,ex040,1,0.0022191999999999997
orch/learned,ex018,0,0.0020118
orch/learned,ex066,1,0.0020177999999999997
orch/learned,ex061,0,0.0020892000000000003
orch/learned,ex060,0,0.0019901999999999997
orch/learned,ex007,1,0.0020879999999999996
orch/learned,ex034,1,0.0019134
orch/learned,ex099,1,0.0021114000000000003
orch/learned,ex046,0,0.0019128
orch/learned,ex002,0,0.0018059999999999999
orch/learned,ex051,1,0.0018005999999999999
orch/learned,ex016,0,0.0020813999999999997
orch/learned,ex038,1,0.0022265999999999996
orch/learned,ex058,1,0.0020897999999999997
orch/learned,ex068,1,0.0021659999999999995
orch/learned,ex022,0,0.0021336000000000003
orch/learned,ex062,0,0.0020622
orch/learned,ex024,0,0.0029761999999999996
orch/learned,ex005,0,0.001875
orch/learned,ex006,1,0.0020976
orch/learned,ex067,1,0.0020064
orch/learned,ex082,1,0.0019356
orch/learned,ex019,0,0.0023235
orch/learned,ex079,1,0.0019397999999999998
orch/learned,ex043,1,0.0021269999999999996
orch/learned,ex090,1,0.001851
orch/learned,ex020,0,0.0027066
orch/learned,ex000,1,0.0021792
orch/learned,ex095,0,0.0020034
orch/learned,ex057,1,0.0023948
orch/learned,ex093,0,0.0020064
orch/learned,ex053,1,0.001941
orch/learned,ex089,0,0.0022170000000000002
orch/learned,ex025,0,0.0028114
orch/learned,ex071,1,0.0023153999999999996
orch/learned,ex084,1,0.0018371999999999998
orch/learned,ex077,1,0.0020334
orch/learned,ex064,0,0.0019182
orch/learned,ex029,0,0.0020987999999999996
orch/learned,ex027,0,0.0019529999999999999
orch/learned,ex088,0,0.0022643999999999997
orch/learned,ex097,0,0.0020435999999999996
orch/learned,ex004,1,0.0023904
orch/learned,ex054,0,0.0019007999999999998
orch/learned,ex075,1,0.0023844
orch/learned,ex011,1,0.002286
orch/learned,ex069,1,0.002208
orch/learned,ex086,1,0.0019283999999999998
orch/learned,ex013,1,0.0019776
orch/learned,ex017,1,0.0020670000000000003
orch/learned,ex028,0,0.0019512
orch/learned,ex031,1,0.0021138
orch/learned,ex035,1,0.0021701999999999997
orch/learned,ex094,1,0.0021677999999999997
orch/learned,ex003,0,0.001893
orch/learned,ex014,0,0.0020136
orch/learned,ex081,1,0.001782
