seed,question_id,billed_usd,input_tokens,output_tokens,matched_calls
1,ex000,0.0206141440,58969.462,7355.465,13
1,ex001,0.0246142040,59314.462,7809.465,13
1,ex002,0.0226595040,56039.462,7048.465,13
1,ex003,0.0201540640,59897.462,8285.465,13
1,ex004,0.0187545631,55702.935,6158.878,13
1,ex005,0.0259250050,64067.989,8518.053,13
1,ex006,0.0234821240,63876.462,7716.465,13
1,ex007,0.0232115250,61839.989,7719.053,13
1,ex008,0.0207635440,55535.462,6581.465,13
1,ex009,0.0229497093,64303.223,7824.090,13
1,ex010,0.0217095840,53707.462,7294.465,13
1,ex011,0.0280053650,70309.989,8768.053,13
1,ex012,0.0216433050,55810.989,7083.053,13
1,ex013,0.0207932240,61361.462,8316.465,13
1,ex014,0.0220144050,58189.989,7110.053,13
1,ex015,0.0251548674,64884.169,7879.914,13
1,ex016,0.0210757840,55523.462,7277.465,13
1,ex017,0.0254895250,61179.989,8347.053,13
1,ex018,0.0235549440,62559.462,8374.465,13
1,ex019,0.0266806840,62760.462,8546.465,13
1,ex020,0.0246384040,62890.462,8186.465,13
1,ex021,0.0230553560,60511.910,7294.204,13
1,ex022,0.0250879539,67139.793,7957.686,13
1,ex023,0.0221638440,61084.462,8059.465,13
1,ex024,0.0236701240,61574.462,7697.465,13
1,ex025,0.0209563840,55535.462,7154.465,13
1,ex026,0.0231977440,63609.462,7385.465,13
1,ex027,0.0236197240,62246.462,8237.465,13
1,ex028,0.0239681840,61029.462,7356.465,13
1,ex029,0.0219976302,61868.749,7454.678,13
1,ex030,0.0210311994,60525.891,7508.869,13
1,ex031,0.0216479840,57205.462,6711.465,13
1,ex032,0.0223225264,54625.642,6340.327,13
1,ex033,0.0173193131,52257.330,7096.441,13
1,ex034,0.0197089825,55714.535,6746.976,13
1,ex035,0.0251911064,64832.642,7910.327,13
1,ex036,0.0220123640,55450.462,6831.465,13
1,ex037,0.0257485840,64533.462,7874.465,13
1,ex038,0.0189353040,57365.462,6886.465,13
1,ex039,0.0256148864,63473.642,7865.327,13
1,ex040,0.0187013640,50460.462,5809.465,13
1,ex041,0.0189825040,56551.462,7019.465,13
1,ex042,0.0239863228,65492.598,8527.319,13
1,ex043,0.0213146840,57588.462,6738.465,13
1,ex044,0.0221719840,58755.462,6506.465,13
1,ex045,0.0208171040,55519.462,7632.465,13
1,ex046,0.0199793250,52973.989,6249.053,13
1,ex047,0.0217413650,57825.989,6566.053,13
1,ex048,0.0243807141,58682.857,8302.029,13
1,ex049,0.0236952406,61734.481,7585.800,13
1,ex050,0.0212950840,53482.462,6947.465,13
1,ex051,0.0239100050,58971.989,7715.053,13
1,ex052,0.0226133040,61707.462,8047.465,13
1,ex053,0.0224094216,63845.008,8465.388,13
1,ex054,0.0266872640,61649.462,8379.465,13
1,ex055,0.0214626640,57503.462,6827.465,13
1,ex056,0.0220809840,63259.462,7123.465,13
1,ex057,0.0219390840,55274.462,7159.465,13
1,ex058,0.0248993240,62126.462,7863.465,13
1,ex059,0.0275344250,68078.989,9431.053,13
1,ex060,0.0420827622,113392.489,14154.188,26
1,ex061,0.0259023440,63595.462,8457.465,13
1,ex062,0.0230169440,59309.462,6435.465,13
1,ex063,0.0261680825,63115.535,8556.976,13
1,ex064,0.0269982840,64646.462,9037.465,13
1,ex065,0.0237424840,60198.462,7274.465,13
1,ex066,0.0214936112,55635.276,6075.265,13
1,ex067,0.0280994640,66841.462,8920.465,13
1,ex068,0.0232694440,61458.462,7310.465,13
1,ex069,0.0240701440,60245.462,8105.465,13
1,ex070,0.0220763194,64097.891,7830.869,13
1,ex071,0.0226514050,65473.989,7093.053,13
1,ex072,0.0222927240,59564.462,7609.465,13
1,ex073,0.0278103250,68313.989,8422.053,13
1,ex074,0.0199592640,58355.462,6916.465,13
1,ex075,0.0238876616,62835.008,7564.388,13
1,ex076,0.0240424640,66631.462,8886.465,13
1,ex077,0.0251910440,60576.462,7437.465,13
1,ex078,0.0250673512,60726.276,8396.265,13
1,ex079,0.0220329240,56024.462,7672.465,13
1,ex080,0.0265665250,69023.989,8074.053,13
1,ex081,0.0261242840,61050.462,8661.465,13
1,ex082,0.0252265050,59892.989,8544.053,13
1,ex083,0.0275235454,68983.115,8342.739,13
1,ex084,0.0222238640,57741.462,7464.465,13
1,ex085,0.0232311440,56903.462,7899.465,13
1,ex086,0.0236643040,62701.462,8219.465,13
1,ex087,0.0212296050,57751.989,7407.053,13
1,ex088,0.0264745050,65128.989,8538.053,13
1,ex089,0.0200803712,55177.276,7059.265,13
1,ex090,0.0270757450,70282.989,8818.053,13
1,ex091,0.0254365450,65382.989,8860.053,13
1,ex092,0.0238923493,58509.223,7189.090,13
1,ex093,0.0217590440,58882.462,7470.465,13
1,ex094,0.0216706040,60584.462,6966.465,13
1,ex095,0.0229852640,59855.462,7380.465,13
1,ex096,0.0233658040,55240.462,7994.465,13
1,ex097,0.0251313565,61979.311,7846.106,13
1,ex098,0.0278964250,67622.989,9085.053,13
1,ex099,0.0254845840,65157.462,8954.465,13
2,ex000,0.0196140656,37410.223,11693.970,15
2,ex001,0.0158939165,32402.091,9370.735,15
2,ex002,0.0159909456,30510.223,9633.970,15
2,ex003,0.0306490467,61820.485,18540.429,30
2,ex004,0.0144823656,36107.223,7533.970,15
2,ex005,0.0174947060,32760.554,10661.080,15
2,ex006,0.0160450222,33991.710,9038.608,15
2,ex007,0.0160653040,33321.487,9329.439,15
2,ex008,0.0159472656,34318.223,8901.970,15
2,ex009,0.0161064256,34808.223,9061.970,15
2,ex010,0.0150378656,31358.223,8774.970,15
2,ex011,0.0157855165,34936.091,8871.735,15
2,ex012,0.0146827256,32397.223,8255.970,15
2,ex013,0.0154843456,31858.223,8986.970,15
2,ex014,0.0170917832,33697.160,10046.187,15
2,ex015,0.0163327075,34910.083,9207.828,15
2,ex016,0.0153413075,33194.083,8572.828,15
2,ex017,0.0157399056,33070.223,8973.970,15
2,ex018,0.0155372056,32089.223,8959.970,15
2,ex019,0.0159272581,33095.828,8784.267,15
2,ex020,0.0166825071,32516.087,10002.687,15
2,ex021,0.0148369256,32519.223,8267.970,15
2,ex022,0.0164932056,35189.223,9249.970,15
2,ex023,0.0179172755,35890.724,10440.184,15
2,ex024,0.0159550146,34680.525,9081.118,15
2,ex025,0.0154123965,34268.091,8561.735,15
2,ex026,0.0158666442,34557.610,8857.765,15
2,ex027,0.0159031629,31959.997,9475.561,15
2,ex028,0.0148071675,30967.083,8537.828,15
2,ex029,0.0189243117,36634.048,11209.197,15
2,ex030,0.0167039478,34557.206,9677.154,15
2,ex031,0.0149233456,33812.223,8050.970,15
2,ex032,0.0151111941,30491.028,8488.952,15
2,ex033,0.0138766256,28708.223,7922.970,15
2,ex034,0.0155918056,32305.223,8896.970,15
2,ex035,0.0179113597,36360.607,10413.526,15
2,ex036,0.0160823656,32817.223,9328.970,15
2,ex037,0.0180957441,36079.114,10529.649,15
2,ex038,0.0150369875,34282.083,8332.828,15
2,ex039,0.0179795056,37956.223,10222.970,15
2,ex040,0.0150466124,30679.292,8663.421,15
2,ex041,0.0151080856,31903.223,8554.970,15
2,ex042,0.0173903616,38675.424,9558.656,15
2,ex043,0.0160959656,34301.223,9002.970,15
2,ex044,0.0169971563,35289.386,9664.406,15
2,ex045,0.0154037256,31581.223,8904.970,15
2,ex046,0.0153327951,31666.478,8610.531,15
2,ex047,0.0156146256,33426.223,8667.970,15
2,ex048,0.0166570056,32439.223,9921.970,15
2,ex049,0.0142938456,30979.223,8112.970,15
2,ex050,0.0151729056,31800.223,8523.970,15
2,ex051,0.0149117256,29889.223,8814.970,15
2,ex052,0.0161902856,33737.223,9086.970,15
2,ex053,0.0154881506,31531.557,9066.319,15
2,ex054,0.0145477626,30114.874,8639.234,15
2,ex055,0.0157476965,34343.091,9085.735,15
2,ex056,0.0160932698,34566.106,9178.312,15
2,ex057,0.0166341456,32854.223,9573.970,15
2,ex058,0.0166403061,33683.679,9770.837,15
2,ex059,0.0151934565,31893.091,8780.735,15
2,ex060,0.0156944656,32240.223,8902.970,15
2,ex061,0.0154807056,32588.223,8964.970,15
2,ex062,0.0150754216,33414.424,8230.656,15
2,ex063,0.0167445167,33824.257,9872.791,15
2,ex064,0.0157445825,31683.958,9378.691,15
2,ex065,0.0162241765,32259.091,9363.735,15
2,ex066,0.0151652056,32877.223,8245.970,15
2,ex067,0.0170960167,33510.214,10486.062,15
2,ex068,0.0160870856,34355.223,9167.970,15
2,ex069,0.0156198765,34724.091,8600.735,15
2,ex070,0.0180151386,35464.074,10462.920,15
2,ex071,0.0343505792,74992.383,19523.967,30
2,ex072,0.0155021173,31710.501,9074.015,15
2,ex073,0.0157586965,33867.091,8922.735,15
2,ex074,0.0165422996,32405.524,9674.499,15
2,ex075,0.0158442861,36279.469,8997.623,15
2,ex076,0.0169687942,34780.236,9920.736,15
2,ex077,0.0164700365,33470.091,9763.735,15
2,ex078,0.0140067616,31101.424,7813.656,15
2,ex079,0.0148754256,31544.223,8334.970,15
2,ex080,0.0171944648,35190.939,10082.447,15
2,ex081,0.0148566249,29457.896,8776.718,15
2,ex082,0.0157807656,31279.223,9171.970,15
2,ex083,0.0181484735,35990.159,10652.997,15
2,ex084,0.0156698975,30624.709,9340.799,15
2,ex085,0.0144562256,29870.223,8417.970,15
2,ex086,0.0175792256,33736.223,10433.970,15
2,ex087,0.0146916365,30574.091,8431.735,15
2,ex088,0.0167552508,35574.555,9705.890,15
2,ex089,0.0157839573,34650.501,8590.015,15
2,ex090,0.0152739056,30590.223,8987.970,15
2,ex091,0.0168109056,34828.223,9675.970,15
2,ex092,0.0162244875,32979.083,9488.828,15
2,ex093,0.0158860475,32709.083,9220.828,15
2,ex094,0.0160232456,34635.223,8903.970,15
2,ex095,0.0173269565,33008.091,10315.735,15
2,ex096,0.0144474032,28492.160,8678.187,15
2,ex097,0.0154542056,33247.223,8687.970,15
2,ex098,0.0174305656,31627.223,10558.970,15
2,ex099,0.0167622256,33880.223,9784.970,15
3,ex000,0.0422501447,89361.668,19022.360,45
3,ex001,0.0425168907,87185.481,23106.670,45
3,ex002,0.0385066307,77072.481,19289.670,45
3,ex003,0.0457563367,85131.949,23806.414,45
3,ex004,0.0383366380,94434.688,15993.594,45
3,ex005,0.0488144622,88397.846,27252.432,45
3,ex006,0.0485058664,92732.004,25004.269,45
3,ex007,0.0445387812,90324.704,21930.980,45
3,ex008,0.0452477931,90322.329,21926.601,45
3,ex009,0.0468900820,95219.216,22412.002,45
3,ex010,0.0371872946,79804.698,17205.212,45
3,ex011,0.0499146931,99785.978,24884.336,45
3,ex012,0.0389307310,85782.422,17821.966,45
3,ex013,0.0437261187,85176.200,21192.616,45
3,ex014,0.0428453273,85594.146,20970.721,45
3,ex015,0.0394377897,89011.683,18172.786,45
3,ex016,0.0424243325,88023.446,20209.010,45
3,ex017,0.0417836580,87443.688,20249.594,45
3,ex018,0.0497829985,90392.570,25913.186,45
3,ex019,0.0422812284,87163.600,20783.038,45
3,ex020,0.0402089460,82767.407,19667.540,45
3,ex021,0.0423556848,88197.980,21208.225,45
3,ex022,0.0418943086,90760.885,20782.901,45
3,ex023,0.0436619764,90094.663,20214.551,45
3,ex024,0.0459606539,94620.497,22537.056,45
3,ex025,0.0411703733,90774.959,18319.031,45
3,ex026,0.0403001431,92858.325,21553.752,45
3,ex027,0.0421527795,84967.361,22247.372,45
3,ex028,0.0411744951,85650.924,21657.370,45
3,ex029,0.0449653813,89686.678,21005.977,45
3,ex030,0.0462630137,94956.509,24176.662,45
3,ex031,0.0408672181,88200.655,19194.893,45
3,ex032,0.0345806486,78383.885,17984.901,45
3,ex033,0.0338367717,72369.934,15937.988,45
3,ex034,0.0418211889,83542.171,20539.764,45
3,ex035,0.0485678076,95781.087,23957.016,45
3,ex036,0.0423956369,85898.234,21766.277,45
3,ex037,0.0428310810,91269.730,20901.983,45
3,ex038,0.0399543510,90417.078,17238.399,45
3,ex039,0.0447058951,97474.924,21430.370,45
3,ex040,0.0351768346,76005.698,16820.212,45
3,ex041,0.0424117853,84621.895,20934.518,45
3,ex042,0.0496787726,104605.354,23987.814,45
3,ex043,0.0355769964,85535.663,17594.551,45
3,ex044,0.0412960276,90330.432,19128.583,45
3,ex045,0.0412018129,84597.699,21421.171,45
3,ex046,0.0377284876,80205.432,18429.583,45
3,ex047,0.0396157338,81961.185,18607.190,45
3,ex048,0.0343053170,80633.890,17456.710,45
3,ex049,0.0397941458,85052.122,19709.677,45
3,ex050,0.0415168167,86205.949,20955.414,45
3,ex051,0.0431952915,81166.993,21756.692,45
3,ex052,0.0432863887,91548.197,22835.767,45
3,ex053,0.0446868920,86563.869,23235.585,45
3,ex054,0.0433713999,83717.621,21451.232,45
3,ex055,0.0430426822,93866.846,21508.432,45
3,ex056,0.0453199136,93372.556,21591.760,45
3,ex057,0.0379715790,81594.141,18648.912,45
3,ex058,0.0417229856,87242.492,20460.247,45
3,ex059,0.0461151972,89785.175,23129.573,45
3,ex060,0.0426073071,85220.205,20778.425,45
3,ex061,0.0432510533,88582.614,20460.464,45
3,ex062,0.0401658455,87079.836,19717.814,45
3,ex063,0.0450959506,90196.162,21948.106,45
3,ex064,0.0451786759,85343.436,23155.392,45
3,ex065,0.0421209359,83842.436,21329.392,45
3,ex066,0.0410718393,86554.427,20533.775,45
3,ex067,0.0390063990,86309.485,20872.479,45
3,ex068,0.0446971281,92285.658,21310.742,45
3,ex069,0.0382234291,89127.456,16774.627,45
3,ex070,0.0441585351,91040.924,21609.370,45
3,ex071,0.0448608923,95854.161,20108.147,45
3,ex072,0.0476688628,90779.384,26533.456,45
3,ex073,0.0409387271,88257.205,20342.425,45
3,ex074,0.0482915156,90516.151,26608.529,45
3,ex075,0.0412142889,95895.171,18127.764,45
3,ex076,0.0466007282,93119.261,22990.379,45
3,ex077,0.0974718196,131356.368,68301.071,60
3,ex078,0.0360754959,82688.436,17520.392,45
3,ex079,0.0420785143,84384.412,21421.349,45
3,ex080,0.0425558945,92364.379,21631.648,45
3,ex081,0.0374397787,75027.200,18415.616,45
3,ex082,0.0429739429,84680.351,22468.755,45
3,ex083,0.0396157671,89651.205,20565.425,45
3,ex084,0.0447709170,81127.546,22668.143,45
3,ex085,0.0357757310,77712.422,16823.966,45
3,ex086,0.0499330673,88745.782,26575.059,45
3,ex087,0.0416389084,81609.944,20967.605,45
3,ex088,0.0480131163,96703.994,24014.722,45
3,ex089,0.0425572190,92526.485,19791.479,45
3,ex090,0.0476086550,88352.950,28021.373,45
3,ex091,0.0482886032,94611.644,24226.316,45
3,ex092,0.0435073777,87636.402,21452.731,45
3,ex093,0.0423190372,87069.175,20739.573,45
3,ex094,0.0466442271,93686.205,23838.425,45
3,ex095,0.0409698177,85334.402,20566.731,45
3,ex096,0.0399983027,77286.417,19865.157,45
3,ex097,0.0459378095,89389.358,21878.523,45
3,ex098,0.0483189517,84181.583,26971.723,45
3,ex099,0.0476737207,92461.477,25067.821,45
